,/manipulator_wrench.fx,/manipulator_wrench.fy,/manipulator_wrench.fz,/manipulator_wrench.tx,/manipulator_wrench.ty,/manipulator_wrench.tz,/ground_truth.x,/ground_truth.y,/ground_truth.z,/joint_states.elbow_joint,/joint_states.shoulder_lift_joint,/joint_states.shoulder_pan_joint,/joint_states.wrist_1_joint,/joint_states.wrist_2_joint,/joint_states.wrist_3_joint,/mode./mode,/manipulator_pose.x,/manipulator_pose.y,/manipulator_pose.z,/manipulator_pose.rx,/manipulator_pose.ry,/manipulator_pose.rz,/manipulator_pose.rw
0.2,-0.013282486255907264,0.11318448260549666,-0.35737835932522055,0.016393196424113715,0.009993751381721906,0.04653432624586899,-0.1750606295394035,-0.18783719913066796,0.9664734604388584,-1.354312343059436,-1.7822291627937343,4.172731924626698,-3.465412257579077,-1.345216968646769,3.212979793548584,1.0,0.4567731315023784,0.46452883113647797,0.35667707591004394,-0.5744409261166903,0.5682520113816947,0.001769497079496449,0.5891554487933921
0.30000000000000004,-0.10188434794676929,0.31939823671020484,-0.13085321856265075,0.02229606124758278,0.011764593933606307,0.11569824530102836,-0.17423819489415907,-0.18713042000051403,0.9667584740200549,-1.3514333112580657,-1.785725166023709,4.1719721392840485,-3.4650386332950394,-1.3459278735187843,3.212742375188891,1.0,0.4571871158164291,0.4650927832780557,0.3566195553040038,-0.5744045264612601,0.5681857855196293,0.0018355684458502143,0.5892546001540748
0.4,-0.23517926343813908,0.12085517729761291,-0.034960979197992736,0.013031850495861814,0.005223876326047379,0.1895153286438625,-0.17340164262548005,-0.1864108889625163,0.9670485028855772,-1.3485437502206001,-1.7889863541559377,4.171178738077672,-3.464555588735844,-1.3466881753946385,3.2125329266134988,1.0,0.4578055780565725,0.4657446063022123,0.3562844076891017,-0.5744453605599844,0.5681875505855991,0.0018460033517785268,0.589213057698378
0.5,-0.17118910984591462,0.27222269872943405,0.07450908515195664,0.014459485835837201,-0.002725691360966239,0.22907215154227042,-0.17198754873833538,-0.1849372392830341,0.9675826305464604,-1.3453913070987547,-1.7924554782788455,4.170510945470258,-3.464128633538717,-1.3472191693550202,3.2122952938079834,1.0,0.4586932637808129,0.4665927102928986,0.35581576637565815,-0.5744601183830593,0.568210680263783,0.001830883101477592,0.5891764108385188
0.6000000000000001,0.06049342345081053,-0.09153736393923481,-0.03276089151366806,0.020169373224025833,-0.009633805581238445,0.22732237457518265,-0.17098326545448606,-0.18387298117980952,0.9679643387979553,-1.342456424410284,-1.7959297450552338,4.169797956608923,-3.4637876357005464,-1.3478057427520598,3.2120732668407843,1.0,0.46005706758604153,0.46794039982247787,0.3551640191801278,-0.5744310944761519,0.5682412633418923,0.001801515155969511,0.5891753040290155
0.7000000000000001,-0.11638870310942298,0.2876906887605486,-0.06736062118015246,0.020439273858440986,-0.005908167616541736,0.22170736420821585,-0.1704500224340814,-0.18328270770207125,0.9681702881987518,-1.3395531953281072,-1.799120968326395,4.1690869322605275,-3.463438807292644,-1.3485612746741744,3.2118355396303926,1.0,0.4607850289468334,0.46868588283497115,0.3547810115988976,-0.5744546788736263,0.5682453480128765,0.0017729993714501195,0.5891484557012373
0.8,-0.1656744941889285,0.20803523532500892,-0.12977489905145573,0.030058264074942147,-0.014419551955926996,0.22092063279398177,-0.17099355705752894,-0.183825774617438,0.9679699759493833,-1.336620583273981,-1.8022095403895002,4.168487267403627,-3.463117209576121,-1.3491865892067902,3.211633090876593,1.0,0.46185775409267266,0.46973083167888857,0.3543297997257103,-0.5744470511102232,0.5682256012450461,0.0017920139983252903,0.5891748808684094
0.9,-0.14812099508347676,0.1548900296570188,-0.06730399682649109,0.023718230842316803,-0.011550420165490502,0.21302557867409136,-0.17277856723101676,-0.18567553135492917,0.9673012625324399,-1.3338216358864339,-1.8054561069901265,4.167811764035805,-3.462857833430182,-1.349838052908453,3.2114208422703743,1.0,0.4625980751751689,0.4705036822256155,0.35400148877386495,-0.5744431239776521,0.568218220918757,0.0018133950242306763,0.5891857621575768
1.0,-0.19294289871817863,0.2239491818890587,-0.060704123067087695,0.030780733731330095,-0.013778016264194944,0.20883019233403777,-0.17221693528171114,-0.185070582480457,0.9675170219342353,-1.331075279934757,-1.8083160583477786,4.167166233062744,-3.4625701883871813,-1.3503316084491175,3.2112613285571276,1.0,0.4633262679054622,0.47125145647132893,0.35362611022703366,-0.5744632928371092,0.5682285967347476,0.0018106451068683248,0.5891560986698705
1.1,0.06594951636974736,0.33161907294707554,0.053827105216850364,0.026557571072962586,-0.010992636771302617,0.21230437597933824,-0.17155308573774042,-0.1843587088641042,0.9677713081668585,-1.3285730672157825,-1.8112972509140086,4.166499626790781,-3.4622994003057834,-1.35081847730045,3.21105196158258,1.0,0.4641933442182757,0.47207897709034696,0.35314652538298885,-0.5744922869649449,0.5682698885856304,0.0017727258997263366,0.5890881117350331
1.2000000000000002,0.032778621286369346,0.26563198491311146,-0.12445863422734749,0.027236503862952195,-0.009740265260732604,0.21080289914290198,-0.1734389127993643,-0.18621465498901088,0.9670751708296467,-1.3257860940890098,-1.813886628250804,4.1660385839940215,-3.4620984084701525,-1.3513348226695527,3.2108743958171746,1.0,0.4652238726315534,0.473025911061899,0.3526996331832739,-0.5744585916512592,0.5682984927142707,0.0017262187156659422,0.5890935153485273
1.3,0.1606139238640436,0.4370055014859059,0.1763040551059764,0.021846547533195187,-0.005343094006969706,0.21257127557533206,-0.17546068631240727,-0.1882075149409269,0.9663283577669799,-1.3235470970817234,-1.816610667034762,4.165522902726582,-3.4618855819552286,-1.3518495917613096,3.210688792049748,1.0,0.4662421741349754,0.47412222922069824,0.3522535841070136,-0.5744639727847498,0.5682677792737871,0.0017361991514805324,0.5891178664954131
1.4000000000000001,0.04030453575678743,-0.017562675478243,0.10389525090481869,0.02371641372100627,-0.02385797985457329,0.2053845942674739,-0.17415596588942497,-0.1869351395449275,0.9668092686530586,-1.320910777597576,-1.818943709602402,4.1650859633067245,-3.4616780117616752,-1.3523371183140056,3.2105288509862646,1.0,0.4666813300162995,0.4745802786475042,0.3519729477460864,-0.5744999013454455,0.5682863229526067,0.001740182480463245,0.5890649287336784
1.5,0.20515573328271838,0.35753948777496825,0.16942513647963392,0.023178467176404222,-0.013637601607456572,0.21043955778010665,-0.17264428460393844,-0.18545961454550763,0.9673665635074343,-1.3188004871910541,-1.8217314102757511,4.164592049043902,-3.4614942183027377,-1.3529057943203542,3.210395246232818,1.0,0.4672821678592892,0.475228034741542,0.3518227090829053,-0.5744520329369303,0.568240154778515,0.0017774397687331468,0.5891560311664354
1.6,0.22835343609750156,0.11389656346414294,-0.10867643019290969,0.026312342280162927,-0.01701220227392861,0.20448868139821264,-0.17298517136004068,-0.185866490086446,0.9672274649137117,-1.3163069569510275,-1.8239399765118285,4.164146900177002,-3.461343390724297,-1.353335463595587,3.210238346269278,1.0,0.46821839418441813,0.4762550523291892,0.3513742777098828,-0.5744826803804167,0.568212673961191,0.0018256825666067796,0.5891525048541942
1.7000000000000002,0.21766259129675047,0.20305474124780978,0.08132913687286349,0.019865581897857167,-0.018639531896104837,0.20950678025153932,-0.17345756320756633,-0.18640698838757347,0.9670389326247061,-1.3141640129697725,-1.8264856293257772,4.163671165405471,-3.4611598453917445,-1.3537043520252665,3.2100627025991804,1.0,0.46874820622816527,0.4767977292287733,0.35114100864519693,-0.5744763061158196,0.5682107334258208,0.0018407247965926416,0.589160545066824
1.8,0.03530669728318313,0.11968741737505001,0.024069346503885158,0.01984808745514497,-0.01720600230581193,0.20880758176843361,-0.17337446401571557,-0.1863006999358844,0.9670740182853756,-1.3120231637724271,-1.828682070629878,4.16321328005383,-3.46099248906551,-1.3541098083283276,3.20994234085083,1.0,0.46927871192147275,0.4772960022772875,0.35091535424080766,-0.5744572400613689,0.5682235708549581,0.0018196786479044835,0.5891668198698345
1.9000000000000001,-0.0028940138121069103,0.10844616105181888,-0.021574469857020846,0.022846032584682974,-0.017363657003931332,0.20663479196062126,-0.1725433739665304,-0.18532348730458145,0.9674102144411499,-1.3098429074348248,-1.8309316733552918,4.162779148333908,-3.460842360847745,-1.3544985945046508,3.2098259791073787,1.0,0.4700563135158702,0.47802493429470105,0.35050904433264823,-0.574461392575251,0.5682629716868913,0.0017691769235527691,0.5891249217806863
2.0,0.01594012900145486,0.18383512784501585,-0.22861177415771128,0.02950722766392691,-0.014418834802269269,0.2094539071188748,-0.17203721898590682,-0.1847440721102327,0.9676119162896648,-1.307791483223566,-1.8330246803875452,4.162363398509056,-3.460684325406848,-1.3548950927022758,3.2096627151685304,1.0,0.4708361586623983,0.47881576246790075,0.35018820643803544,-0.5744328687537499,0.5682596010523973,0.0017606228843785822,0.5891560110142022
2.1,-0.020931910218239494,0.009822844513457399,-0.03303822156270342,0.020944051815598906,-0.008761433112591033,0.19978595215445316,-0.17198825852938518,-0.18472437123260066,0.9676243801434193,-1.3057630987832507,-1.835307673144017,4.161869525909424,-3.4605655642430717,-1.3553157907296554,3.209538013165631,1.0,0.47162400423704587,0.4795991998640009,0.3498372118397515,-0.574442428129413,0.5682491717452408,0.001745700975055245,0.5891567941590232
2.2,-0.028665959970893055,0.19021062408186148,0.07151894968002304,0.025004966570840018,-0.007402966930182855,0.20331849368148652,-0.1719392980728635,-0.18470467035496863,0.9676368439971739,-1.3039573690278934,-1.8371882710982848,4.161426067352295,-3.4604667905932223,-1.3556916110449877,3.2094059550697036,1.0,0.47201042000909776,0.48000402579803086,0.3496001393095107,-0.5744728501685173,0.5682584280994669,0.0017502830612290906,0.589118188330991
2.3000000000000003,0.15302039386215663,0.18295567460514697,0.08592035449025887,0.021973504442993237,-0.01250108846178507,0.2074661702324342,-0.17202977357538893,-0.18480616315922757,0.967601371142035,-1.3019012285899474,-1.839174655420101,4.1611484813164585,-3.4603330097594203,-1.356034878993951,3.2093066757906454,1.0,0.47242383782153635,0.48039592354742544,0.3494150136875212,-0.5744727280779698,0.5682622083203517,0.001751259537736033,0.5891146580926023
2.4000000000000004,0.4017619547475355,0.0844093778154429,0.06768495763549706,0.016626225830318725,-0.018237004283206047,0.20649126234068094,-0.17213468708927498,-0.18492020506321616,0.9675609346408444,-1.3001287546770401,-1.8412858606696283,4.160782845338238,-3.460273405114645,-1.3563865385032912,3.209152392622777,1.0,0.47293933517054304,0.48091829466931385,0.34918358235446634,-0.5744728793929085,0.5682594950390654,0.0017575294402930397,0.5891171090965137
2.5,0.44508590692334166,0.31791736127765075,0.15610348879073654,0.022499062203874595,-0.016350168408460115,0.20116822421935904,-0.17295391622986045,-0.18573741282128603,0.9672569752193763,-1.2985060449051182,-1.8428483085044216,4.160449373146857,-3.4601622362040647,-1.356753240311358,3.2090662180286476,1.0,0.4737063350744398,0.48174893688730475,0.3488024892672142,-0.5744829094507751,0.5682554066916125,0.0017718651402325305,0.5891112288937018
2.6,-0.07337544987975092,0.30894876622890105,-0.0016466961938416957,0.02531399946941568,-0.018900950575182547,0.20557609532479904,-0.17385483197823004,-0.1866350321385919,0.9669228802491028,-1.29657731929112,-1.8446902479661273,4.160123953402368,-3.4601034369004533,-1.3570382346819734,3.208959926249551,1.0,0.47420399003571045,0.4822003152676642,0.3486145977184446,-0.5744599397044206,0.5682605602061703,0.0017674349330378824,0.5891286697850651
2.7,0.09086412146405227,0.25629175285339906,0.04580182703000921,0.01795093400615672,-0.012007600839003527,0.20722258946426703,-0.17401126037234618,-0.18678641368232668,0.9668655997406886,-1.2949458133649525,-1.8466216026597904,4.159816055137906,-3.4600284140700666,-1.357332378368187,3.20885949529192,1.0,0.4747363856678529,0.48276428064831983,0.3483718271299588,-0.5744640845631219,0.5682603666456729,0.0017678302981264942,0.5891248136200145
2.8000000000000003,0.22489412862222918,0.2103125776628145,-0.10636647772900809,0.02236197575125435,-0.0109875308913471,0.20517373308061151,-0.17299620579353342,-0.18576355789281412,0.9672438987312089,-1.2935667037963867,-1.8479525630051734,4.1595330238342285,-3.4599843053347645,-1.357568068407814,3.2087759786120085,1.0,0.47520607409389726,0.48327215516285976,0.3480914803378018,-0.5744907535559256,0.568275074799669,0.0017495634673346061,0.5890846734280646
2.9000000000000004,0.037889219742133426,0.21490199384898676,-0.08243488621873771,0.023597406927530623,-0.010523050672779474,0.20310950073435408,-0.17198115121472066,-0.18474070210330154,0.9676221977217291,-1.2917836088536405,-1.8495586886128534,4.159248999852654,-3.459910729268022,-1.3578347248270732,3.2086859161267745,1.0,0.47563908151676365,0.4836987161583625,0.3479517253934501,-0.5744625070321333,0.5682608792278052,0.0017572704649854597,0.5891258890543776
3.0,0.09297530953007441,0.08040184173138226,-0.17668881102875478,0.023159532571540038,-0.013921595034925023,0.20411005792491022,-0.17136948052587123,-0.1841610675596839,0.9678412000828625,-1.2901366915875891,-1.8512923252761784,4.158987469456386,-3.459811830770417,-1.3580949810546081,3.2085602415149928,1.0,0.47607054189791437,0.48414884410783443,0.34786282172802657,-0.5744161536124898,0.5682334443608051,0.0017835883021568555,0.5891974660431395
3.1,0.043629291416548865,0.1759193902166859,-0.11970145662751712,0.017085179295167584,-0.006522793663124903,0.1988255185949047,-0.17081309851185295,-0.18364218188569706,0.9680383689009046,-1.2889027743183166,-1.85283952507114,4.15869584956472,-3.4597963286966182,-1.3583841951170283,3.2084890227834433,1.0,0.47661582586759055,0.48474379313833393,0.3475522997916689,-0.5744568148523089,0.568236779041374,0.0017822729055993142,0.5891546098586644
3.2,0.04043727753561693,0.40619410720011095,-0.10169039869851122,0.027436998322470308,-0.011105411672082916,0.19755276064116672,-0.17002418813115408,-0.18283566859002282,0.9683288508855165,-1.2874764899928175,-1.8541328802621664,4.15844202041626,-3.4597226581969203,-1.358692328774998,3.2083951164301,1.0,0.47694003336669105,0.48505760165090456,0.3473159953852806,-0.5744887414636963,0.5682643795430998,0.0017567275338204293,0.5890969315675699
3.3000000000000003,0.051623418920677795,0.1837135627309599,-0.047840408097515746,0.025084885958265364,-0.01629163170594474,0.2020521362449127,-0.16920057779431802,-0.18198623293610522,0.9686332578928396,-1.2859433589905938,-1.8556376682073907,4.15814099375229,-3.459685382978691,-1.3589144462192846,3.2083296405927046,1.0,0.47728050244803855,0.4853933987948296,0.3472125887907755,-0.5744519477029142,0.5682593497692725,0.0017843119252534444,0.5891375793573905
3.4000000000000004,0.07261981109999054,0.29040168543317324,0.032642466720100995,0.021970600366237453,-0.014226532490865435,0.20016259452213553,-0.1700508147949828,-0.18282849789982925,0.9683198654531999,-1.2845468448100161,-1.857116517856935,4.157909834526761,-3.459670775205909,-1.3591329586455256,3.2082313479627285,1.0,0.4778352442248963,0.48592675150599635,0.3470339164109806,-0.574417165882816,0.5682456783902572,0.001781945485854022,0.5891846851372117
3.5,-0.02377527846406633,0.3980267572453102,-0.04042866678413609,0.027514154581452028,-0.010155286666283393,0.19862454392973625,-0.1738804274119177,-0.1866819165436467,0.9669068168102807,-1.283329763200744,-1.8583860681816606,4.157693342849351,-3.4595931805874924,-1.3594278759349345,3.208170236700889,1.0,0.4781627828925314,0.48628674699454116,0.34682788064588443,-0.5744517154953359,0.5682520550220863,0.0017730371588975617,0.5891448759574123
3.6,-0.13780555599258154,0.3046110506707188,-0.21026728683915813,0.027126744669805174,-0.006962518889829239,0.1974784904116138,-0.17344097300055444,-0.18625221527266908,0.9670704224498671,-1.2820958043670654,-1.8596587944426477,4.157402651634216,-3.4595914232268274,-1.3596656958209437,3.2081096014976502,1.0,0.47861410624619505,0.4867740470796838,0.34657061255740895,-0.5744731015603527,0.5682584780947688,0.001794216917200506,0.5891177627967943
3.7,-0.08137860272693928,0.24674763433583988,-0.09444120502053513,0.021428693390849407,-0.0053913164502425795,0.19973207454990435,-0.17221489352321526,-0.18503329952854655,0.9675245449098211,-1.2807505172145075,-1.8609160991918312,4.157188428208758,-3.459522507868627,-1.3598838402771325,3.208033800125122,1.0,0.4788364933373159,0.48698450962843126,0.3465123934034199,-0.5744503114887985,0.5682535690885244,0.0017990192276884105,0.5891447058052839
3.8000000000000003,0.15155282980855028,0.3424801920453685,-0.06771029607637102,0.03158692973992817,-0.01599098649710454,0.2020637347435039,-0.17157748418683244,-0.1843982526757471,0.9677592056487972,-1.2795591354370117,-1.8621387159201954,4.156978460754148,-3.4595184254696236,-1.360050484624413,3.2079133192982754,1.0,0.4792957003908259,0.487448042032503,0.34632724899926093,-0.5744534787581841,0.5682387538577339,0.001793410410421438,0.5891559242135567
3.9000000000000004,-0.006810398078584273,0.20922056658691957,-0.14414046974243447,0.02005746964080959,-0.00975025197117757,0.2036657951590076,-0.17105512734277367,-0.18387731993620648,0.9679509737451685,-1.2784231342519559,-1.8633221484003049,4.156750255070575,-3.4594704642318503,-1.3602774778949183,3.207890661440553,1.0,0.4795934142129362,0.48772980138399336,0.34620696546059576,-0.5744507178282814,0.5682348512418152,0.0017870192762898384,0.5891623996682669
4.0,0.13136034257448836,0.32463735451231684,-0.046241245773684436,0.028265018235879086,-0.010904455489560663,0.20168142777964965,-0.1737670942149998,-0.1865822361761318,0.9669321583402272,-1.2772325348380387,-1.8645778155627823,4.156495119562212,-3.459430141494862,-1.360508840231437,3.2077969427140345,1.0,0.47988433289119464,0.48802930911092585,0.34604250205314374,-0.5744679142346848,0.568244788560991,0.0017890582279593494,0.589136041215255
4.1000000000000005,0.23968596088945354,0.35240694360012176,-0.09019759030768333,0.029445544155804644,-0.013709096223562903,0.2017762042331057,-0.17716655871458223,-0.18997284862773378,0.9656560176463302,-1.2759474582372607,-1.8659121681113582,4.1563187879070425,-3.459401024978313,-1.3606856283373447,3.2077806723547444,1.0,0.4803899493130395,0.4885063709563878,0.3457954965369986,-0.5744538043476475,0.5682744404203643,0.0017697576096915915,0.5891212566131353
4.2,0.12698170711413387,0.3803318040438831,-0.08091077478813975,0.02982289351201855,-0.010834514005084067,0.20052815418895115,-0.18115581006210177,-0.19396101045119069,0.9641162067533035,-1.2748536147979035,-1.8669724226589681,4.156075090095431,-3.459402340904332,-1.360879776809848,3.207655974233982,1.0,0.4806169185504107,0.4887580626832441,0.34567483923262776,-0.5744722012460445,0.5682598597248733,0.0017559462376087742,0.5891174233323963
4.3,0.06503180597955359,0.2819494083442592,-0.11729315857303331,0.024955049896538288,-0.009102866360267012,0.19755626085275385,-0.18641886536078295,-0.19923974149223064,0.9620069288695664,-1.2736940383911133,-1.868084359174882,4.15586519241333,-3.4593942089225767,-1.3610395690715869,3.2076079776077457,1.0,0.4809147780630895,0.489048191475758,0.3455720518147495,-0.5744450636780775,0.5682570595841357,0.0017602704360152122,0.5891465730161496
4.4,0.1643111043661072,0.4244829844764718,-0.17832355335118824,0.029565711813241503,-0.013136633335524603,0.19763750043276637,-0.19168192065946418,-0.20451847253327066,0.9598976509858294,-1.2724990856551277,-1.8693086231150848,4.155615305423681,-3.459350260535739,-1.3612377902709418,3.2075066699885753,1.0,0.4813703693636663,0.48949667817831327,0.34538686333518387,-0.5744359498853917,0.5682665641275234,0.0017690804613483783,0.5891462653096329
4.5,0.2782251737809599,0.2169861571657285,-0.20964084595193008,0.025120644367701804,-0.01570957639831015,0.19988658231494524,-0.19468398190942357,-0.20753196896570122,0.9586530910534174,-1.2710764681724074,-1.8707581133682463,4.1553893201872505,-3.4593298772684755,-1.3614409605609339,3.2074679663919565,1.0,0.48159345271802795,0.48971993455692336,0.34527322589411297,-0.5744370208343097,0.5682665503041707,0.0017562967833224035,0.5891452726806937
4.6000000000000005,0.34976134224044736,0.02287194082748316,-0.1854019992042777,0.016811076532976785,-0.018050170011967827,0.2029192480802819,-0.19714769713196736,-0.2100061096871344,0.9576144217442886,-1.270022788731663,-1.8719083945926756,4.15520797590844,-3.4593528307915116,-1.3616461987683182,3.207389418034282,1.0,0.48190062108878945,0.4900550260961598,0.34513474819178236,-0.5744348366936214,0.5682626668279176,0.0017598969514547335,0.5891511373536642
4.7,0.37222799056272654,0.009704948344111551,-0.13558827626296036,0.01454081696930314,-0.020070223646135175,0.2058430501314896,-0.19522391791212212,-0.20806793359763842,0.9584320461556782,-1.2688781958643043,-1.8729374633886668,4.154987386500151,-3.45932736019277,-1.3618366442902317,3.207342659846286,1.0,0.4823615713229886,0.4905310547769161,0.34493031265271795,-0.5744389928076734,0.5682648806427726,0.0017604093453750997,0.5891449481486692
4.800000000000001,0.2432407805279799,0.10669640884769468,-0.09910246766789976,0.022697523117526545,-0.013297038806278392,0.20525245291541191,-0.19436515480711222,-0.2072177361344513,0.9587923849239053,-1.2677940488360417,-1.8740427047960277,4.154830622573278,-3.459302115090224,-1.3620627834820698,3.207271867283884,1.0,0.482609661381601,0.4907808621931543,0.3448229485554213,-0.5744471039697399,0.5682482451388216,0.0017596347132156963,0.5891530873407222
4.9,0.04483819910562571,0.2760550546381107,-0.12733030676032892,0.030684714033210176,-0.009613983881557507,0.20118562128688913,-0.1940816221244392,-0.20695050570556625,0.9589075803099943,-1.2663815371288192,-1.8753625913737815,4.154573289933673,-3.4592926458407804,-1.3622667477583823,3.207158204413339,1.0,0.4828797611529685,0.49103763536783196,0.3447119773547733,-0.5744453689068416,0.5682430173517412,0.0017551808132153983,0.5891598346058429
5.0,0.17938927863696744,0.2809937819169957,-0.04379151048484904,0.030434574134766135,-0.011252234792273278,0.20197349641751736,-0.192495014242342,-0.20536362002348663,0.9595642243473985,-1.2651357650756836,-1.876754811022585,4.154401625587461,-3.4592460898893735,-1.3624720623520008,3.207120689263023,1.0,0.48328902528310036,0.4914701981853892,0.34451698373097805,-0.5744411401511635,0.5682483488129282,0.0017627708362719981,0.589158792866737
5.1000000000000005,0.29591710533362237,-0.1029911754438643,-0.13041066512966454,0.016111906556047682,-0.01609053755860989,0.20348734479734878,-0.19054424744767826,-0.20340794194770756,0.9603721822553763,-1.2640062358158926,-1.8778373829433188,4.154162883758545,-3.4592363781595354,-1.3626750151263636,3.2070798227621435,1.0,0.483640249020499,0.4918563996179423,0.34431036838619966,-0.5744579466141382,0.5682577589400953,0.0017608026295011271,0.5891333351206234
5.2,0.012633899988748672,0.34493270581430824,-0.07221989177396695,0.022720879134923017,-0.007044364931249543,0.20068636272940643,-0.19035087570309622,-0.20321726824614966,0.9604524797111962,-1.2629467753535495,-1.878817697564596,4.153980592036351,-3.4592776292005567,-1.3628786245929163,3.207021656948187,1.0,0.48392119867583944,0.4921277643800968,0.34416514235845785,-0.574468458599221,0.5682633217856539,0.0017523678893116633,0.5891177440839394
5.300000000000001,0.06017127174452562,0.17831659834320568,-0.12870190860984207,0.028534502932827856,-0.011879985731187419,0.20257783312838262,-0.1906777123726588,-0.20354905540302493,0.9603173816076424,-1.2616872787475586,-1.8799826107420863,4.153802871125054,-3.459267435176593,-1.3630820832964565,3.206916968688684,1.0,0.4843063546847026,0.49249335738114264,0.34403374259580866,-0.5744484360910164,0.5682557858539067,0.0017576960798353504,0.5891445209968731
5.4,0.08626581033935975,0.28707089094611715,-0.2912420787011927,0.025697767611985015,-0.010017640136724735,0.2047878047647358,-0.19058941060990525,-0.203472808630986,0.960350551640225,-1.2602818306757981,-1.8814245215413867,4.153583749714845,-3.459222709751607,-1.3632714044759646,3.2068750563786454,1.0,0.48458754066887527,0.4928062437492652,0.343963881200278,-0.5744223907776524,0.5682347679128917,0.0017853814288082742,0.5891901033804128
5.5,0.11028471146674373,0.12023002874891613,-0.18855559906792646,0.020836240399294714,-0.012254689991289725,0.2044095424538295,-0.1891509626009438,-0.20206952144407767,0.9609309766958933,-1.2590913772583008,-1.882609029809469,4.153373282760289,-3.459268729890175,-1.3634780089007776,3.206785202026367,1.0,0.4849597025421463,0.4932184759761988,0.3438031394309195,-0.5744212946971798,0.5682221184216013,0.0017990544470811959,0.5892033297071393
5.6000000000000005,0.057303385666713454,0.4556448550532127,-0.026579651551643865,0.025316185961329785,-0.00932362146024821,0.20441536653236633,-0.1872972279480862,-0.20023006583764047,0.9616753909215585,-1.2580414284433548,-1.8838421073968736,4.153181099353513,-3.459243934210752,-1.3636468120378225,3.20673656324471,1.0,0.48525514998634317,0.49355562114132706,0.3436251211799833,-0.5744461965714736,0.568224501197744,0.0018119700218550956,0.5891767139388513
5.7,0.11231162174037766,0.6005297096141339,-0.19955285064238504,0.031156527353913513,-0.008905589717887758,0.20221403070499608,-0.18528688546914146,-0.19822612772497716,0.9624816467397538,-1.25693699581164,-1.8848254355677891,4.1529861829460835,-3.459241662798277,-1.363861385975973,3.2066974744181,1.0,0.4856831058765835,0.4939833437347188,0.34332083907332667,-0.5745018772500461,0.5682413022374454,0.0017749214208043736,0.5891063275178897
5.800000000000001,-0.01786864778543859,0.08082034185087827,-0.159119038805253,0.021672972225807014,-0.007382729253266056,0.2006339890789006,-0.18421300511456937,-0.19713714252458248,0.9629130229827476,-1.2555497060285776,-1.8860714749104235,4.152760028839111,-3.4592241419326046,-1.364055347982365,3.206619197447692,1.0,0.4858870383608793,0.49415575223586866,0.3432773730644635,-0.574471981952348,0.5682421572553873,0.0017773891482606276,0.5891346480706261
5.9,0.03248564012909941,0.16444248021803765,-0.18067234623351927,0.02274828017391712,-0.013785588543560774,0.2026687089609258,-0.18350856583248681,-0.19640911285713303,0.9631965065254258,-1.2542245310469773,-1.8874255315937336,4.152577761545013,-3.459253046521295,-1.364227077501855,3.206528244547928,1.0,0.48619218748031157,0.4944786344663155,0.34320061764286247,-0.5744390380263885,0.5682332641616651,0.001793653280752941,0.5891752981069431
6.0,0.20130529795785684,0.1665142209564122,-0.22103384427722467,0.02357502450869193,-0.014342837195818279,0.2029203389149077,-0.1835985423296744,-0.19647911257945894,0.9631651320488677,-1.2530844491867266,-1.8886510243110428,4.152355156294054,-3.459273763579068,-1.3644117029843004,3.2064473817986516,1.0,0.48665425247420685,0.49497657873992806,0.342995868216517,-0.5744389975383887,0.5682277416105457,0.0017988946348650406,0.5891806478062247
6.1000000000000005,0.32348940654023406,-0.05842024921036232,-0.09546050943131584,0.02291868690318454,-0.013646265245171308,0.20355005644263946,-0.1840175087389795,-0.19687959871162258,0.9630033660131524,-1.2519260282370543,-1.8897458600216284,4.152137937490206,-3.459246372365614,-1.3646252046136755,3.2063979645437035,1.0,0.48694512806264567,0.4952556076658421,0.3428069458615036,-0.5744592144412892,0.5682519626244886,0.001773227107665852,0.5891376524909422
6.2,0.1993354260345002,0.09455085886627021,-0.21854402987161453,0.025406408680027255,-0.010056365090384529,0.20334138757488618,-0.1842984197447225,-0.19714634465503994,0.9628952950519036,-1.2506808971141297,-1.8909648523962033,4.1519259739393375,-3.4592610983552903,-1.364799250135808,3.2062961309902795,1.0,0.48719967007651904,0.49550221187439164,0.3426771127017594,-0.5744652111370159,0.5682534296475503,0.0017635294302078123,0.5891304192206079
6.300000000000001,0.07779023543945379,0.3076956225870077,-0.15955375991128587,0.029244555246500686,-0.014633005822797243,0.2028793635751506,-0.18401215061765014,-0.19686363888516953,0.9630078223336906,-1.2493713553818866,-1.8921852116624995,4.151716709136963,-3.459274041052852,-1.3650243396314683,3.2062382958925895,1.0,0.4875739248722334,0.49588691941359525,0.3425271423669735,-0.5744597090354118,0.5682419465161155,0.0017727993057284255,0.5891468323747043
6.4,0.142963778474138,0.29163465584311404,-0.013575889273053126,0.029118815228584206,-0.010378872495405546,0.19942531187160178,-0.18367911828722114,-0.19652772706258623,0.963139942378957,-1.2481270251169494,-1.8933876634785616,4.151511627448339,-3.4592807133362338,-1.3652265291674246,3.2061742703541745,1.0,0.4879505349876571,0.4962529836281329,0.3423936916642655,-0.5744398050850753,0.5682405232236913,0.0017704179079302855,0.5891676193756047
6.5,0.1151065526074387,0.34858930285132483,-0.1836422758982185,0.026411479292740667,-0.010575362931162196,0.20304333817038525,-0.183139139882149,-0.19595635695302024,0.9633587683212201,-1.2469799498805378,-1.8946134052672328,4.1512755582262955,-3.4593151826993944,-1.3653948942767542,3.2061350405811044,1.0,0.4883717524348607,0.49666676981817354,0.3421817325435612,-0.574440984163406,0.5682575256129657,0.0017698764552964094,0.5891500724220784
6.6000000000000005,0.1463853028815149,0.2877344486692258,-0.17491062313487893,0.026043184984863844,-0.013059779039547897,0.20472668036781608,-0.1825991614770769,-0.19538498684345426,0.9635775942634832,-1.2456155286176354,-1.8958493979479367,4.15107165628251,-3.459446553961649,-1.3655977345772716,3.206067023961749,1.0,0.4886103783953679,0.49689100868929703,0.3420566045443965,-0.5744453110906645,0.5682662903418194,0.0017593244707703845,0.5891374309993412
6.7,0.1291230508975321,0.12046351688195024,-0.1479462199414066,0.02408035307410846,-0.012278683428919964,0.20512467131284445,-0.18377361398809572,-0.19656348593994571,0.9631122215637797,-1.2443819046020508,-1.8971573021765222,4.150925384514152,-3.4593986620127835,-1.3657887630755192,3.206002503813946,1.0,0.48888609630507734,0.49717424766290474,0.3419201725872098,-0.5744649182286639,0.5682690333903457,0.001747499203416039,0.5891157014209268
6.800000000000001,0.12304865470665534,0.17896839698911854,-0.18602366654790997,0.02214027838810223,-0.012802226587768507,0.2050825230296578,-0.18532364126893558,-0.19813537858175428,0.9624952581656266,-1.243161367813544,-1.89824733817256,4.150711702743964,-3.4594431723454147,-1.3659732337672987,3.2059445165777856,1.0,0.4893085544056527,0.49762081580485507,0.34171108104995085,-0.5744734974227983,0.5682782446933715,0.0017443595078387199,0.5890984591534307
6.9,0.02356048413720019,0.17961091199008739,-0.20728119298510317,0.025850543155024337,-0.006607933364399052,0.19837540569459705,-0.18462411094465037,-0.19746142543677858,0.9627675363040931,-1.2419560557492724,-1.8993840879053794,4.150540676356026,-3.459435602227682,-1.3661819269464641,3.2058584370397516,1.0,0.4895972335209763,0.4979286371703872,0.34160593782522436,-0.5744561812088667,0.5682639473925939,0.0017560834438395988,0.5891291014163633
7.0,0.6872068271249683,1.4911018898522168,-0.37158495856431273,-0.01344001380575515,0.03019709588363754,0.21874212475577587,-0.18392458062036515,-0.19678747229180288,0.9630398144425594,-1.2407207116779972,-1.900451324519286,4.150359192895101,-3.4595090370742176,-1.3663592983913062,3.205815650895464,1.0,0.48985521682643346,0.49821188107452563,0.3415444269514701,-0.5744371879637225,0.5682381846492337,0.0017760392758699658,0.5891724096352147
7.1000000000000005,0.12275312372834385,0.07654551198166341,-0.27988762761333946,0.038003756758494094,-0.00039935091509812394,0.19297003884808847,-0.1831659960051107,-0.19601741566682127,0.9633409010061651,-1.2407396680240115,-1.9003998241820277,4.150341440229724,-3.459555288354391,-1.3663480145741602,3.205845597725558,1.0,0.49020883025509215,0.4985726794231819,0.34144493327370484,-0.5744221615080629,0.5682313070979885,0.0017931887449682423,0.5891936408993577
7.2,0.2409273962720116,-0.039990535468749235,-0.28379817191480083,0.020673242376856683,-0.01445257970039841,0.2020630012787468,-0.1823766544507329,-0.19519730596634655,0.9636569917119544,-1.240783017027595,-1.900463239060877,4.150329727989647,-3.459567209283346,-1.3663211110814146,3.205800771713257,1.0,0.4902583163261127,0.4986121434195727,0.3414131600465132,-0.5744368338381357,0.5682379593403036,0.0017832772958136741,0.5891729503438458
7.300000000000001,0.051414816895279575,-0.06947233239697194,-0.36801704291753984,0.020161569093885015,-0.011063517343025638,0.19825364809412108,-0.18176000419712565,-0.1945557008816072,0.9639041818504461,-1.240748405456543,-1.9005195103087367,4.150339603424072,-3.4595716953826186,-1.3663449484607435,3.2058412590179737,1.0,0.4902743221684259,0.49861465349345013,0.3413833787550095,-0.5744319453275321,0.568259832375413,0.001766475589729934,0.5891566707251014
7.4,-0.014524291022793054,-0.09866123305948514,-0.3295136959282338,0.01846552596439419,-0.005146928904468341,0.1981712314165331,-0.18213459882419522,-0.19493870899820123,0.9637558840037029,-1.2407245635986328,-1.900535391390468,4.150346099786049,-3.4595710917860676,-1.3663504420390653,3.2058467525962953,1.0,0.49027844542017335,0.4986262982441718,0.3413709599569814,-0.574444210943374,0.5682454537853716,0.001765157360569803,0.5891585839019866
7.5,-0.025709288026947268,0.23940160217133732,-0.2489059611336281,0.0237201846131622,-0.006280652128707518,0.1997543467817272,-0.1825091934512648,-0.19532171711479523,0.9636075861569596,-1.2407375447557163,-1.900508804777636,4.150328742723246,-3.459543975124363,-1.366329149131443,3.205835545366868,1.0,0.4902812272645577,0.4986316808948004,0.3413514460714535,-0.5744571642088989,0.5682494474735377,0.0017605092736808414,0.5891421157430408
7.6000000000000005,0.10995418632295256,0.14034330671181616,-0.1901843259737396,0.025675536492628437,-0.009415140129756628,0.19864958257537627,-0.18271611548749808,-0.19553158425979367,0.9635259238300139,-1.240748405456543,-1.9005320244543882,4.150334410096937,-3.459567209283346,-1.3663161436664026,3.2058309863748695,1.0,0.490274447225049,0.49863211562441534,0.341342899168384,-0.5744589828972496,0.568260596430069,0.0017617734172237004,0.5891295847842186
7.7,0.0452645852062101,0.14509055954335315,-0.2388801131358796,0.022888756614768548,-0.007969285344074253,0.19977512680998036,-0.18272293820295446,-0.19554030560649505,0.9635227373331414,-1.2407195891211429,-1.900526648086259,4.15033275115765,-3.4595648546572564,-1.3663356792100383,3.205793491180184,1.0,0.49027832051825154,0.49863191333006435,0.34133313695357725,-0.5744521401146969,0.5682676039919392,0.0017688548386589867,0.589129476535901
7.800000000000001,0.13174304005160475,0.40210741764238916,-0.2665460652362085,0.029373376382430472,-0.011410841885498789,0.1993009883978628,-0.18201910881543354,-0.19485245379373026,0.9637948586618768,-1.2407241515350158,-1.9005191140937203,4.150328539698691,-3.4595795264273175,-1.3663165557300196,3.2058244478504294,1.0,0.4902834638189192,0.4986342366539939,0.34133214306630755,-0.574455368195174,0.5682618357265841,0.0017712958339591049,0.5891318855056722
7.9,0.12885720925283978,-0.10674659186415106,-0.3545857949779152,0.02002691624390824,-0.010254494531316057,0.19903553852346154,-0.18146387569834793,-0.19431221193812392,0.9640090672547875,-1.240747239584723,-1.9005551669968501,4.150318139944675,-3.459590468205346,-1.366340462361471,3.205812692642212,1.0,0.490278687475744,0.49863966193329284,0.34134972057026675,-0.5744610504450118,0.5682416860371576,0.0017635572631123126,0.589145803377264
8.0,0.04326775319167258,0.4159252196321047,-0.23089478316299997,0.030629440200599715,-0.0071452457091066715,0.19655588858751688,-0.18200363724788693,-0.19485969668127856,0.9637965212819765,-1.240756225566276,-1.9005213977993949,4.150341566414356,-3.4595590633357074,-1.3663265784422314,3.20584491886634,1.5480465155633587,0.49027780045570424,0.49863914544623034,0.34134283857648556,-0.5744632624837019,0.5682437296983036,0.0017664801621479905,0.5891416665480208
8.1,-0.06688896325934607,0.5194072447258495,-0.19165453912568176,0.03302125874124149,-0.003977568078890825,0.19586196855587423,-0.18246571036122708,-0.19532668280388732,0.9636149240061719,-1.2407325683468138,-1.9005195103087367,4.150307756817981,-3.4595749061565972,-1.366328541432516,3.2058212252347342,2.0,0.490275468009216,0.4986391636137637,0.3413239182730501,-0.5744678118986117,0.5682575457383845,0.001777049293171887,0.5891238722880091
8.200000000000001,-0.11596664648823879,0.19132081685928787,-0.142513318157314,0.02318588173172031,-0.001245612563261645,0.19571898477475527,-0.18223778231730575,-0.19507870870780342,0.9637082020888494,-1.2407443485476755,-1.9005442781157724,4.150339154312105,-3.459567209283346,-1.3663241464479094,3.205804156229803,2.0,0.4902836153902313,0.49861418669584945,0.34134691825592317,-0.5744554052310579,0.568259726083143,0.0017473914218016093,0.5891339556806683
8.3,-0.05040329798182226,-0.02417295219435983,-0.12333288894447852,0.02313455042559258,-0.010509802807196966,0.19646733125395957,-0.18200985427338445,-0.19483073461171954,0.9638014801715271,-1.2407260857951723,-1.9005103524385705,4.150332555109955,-3.4595763671535122,-1.3663108007062283,3.2058201814759615,2.0,0.49028268299958877,0.4986266226766205,0.3413505554656794,-0.5744489972980095,0.5682618707419173,0.001761902910978319,0.5891380920143765
8.4,-0.1640110012201036,-0.18045387033887228,-0.28233136155464705,0.04983039173334856,-0.02785580391244718,0.1970728530261322,-0.18237635446583852,-0.195189954136421,0.9636589956043574,-1.240738791854177,-1.9005499533828958,4.150348187670538,-3.4595872376216086,-1.3663423691212948,3.2058348661588774,2.0,0.49027284135559634,0.49863826209305157,0.3413561955756376,-0.5744524005123794,0.568252909767726,0.0017784597214743013,0.5891433672435735
8.5,-1.043357592135817,-0.5677373733916113,-0.4123611169286202,0.10276754621830546,-0.08673560990293692,0.18517288414947602,-0.18315190256011632,-0.19596700589281035,0.9633542740986524,-1.240736961364746,-1.9005195103087367,4.150339603424072,-3.45956004164174,-1.3663235980136728,3.205846498267396,2.0,0.4902732199493278,0.49863658330410093,0.34136373282249316,-0.5744482104363415,0.5682498649513664,0.0017814443551960658,0.589150380603499
8.6,-2.0006925206625836,-2.0033496528688954,-0.5660036688999087,0.16096864122647034,-0.21089799646593557,0.1809914925586676,-0.18608606003322187,-0.19892613278617918,0.9621663221482346,-1.2407008310540564,-1.9005195103087367,4.15031587998894,-3.4595312142056467,-1.366352383290426,3.205801115594786,2.0,0.49028652590137645,0.4986314435131421,0.34137348733603134,-0.5744305445109463,0.5682508027581595,0.0017709090131049696,0.589166732410132
8.700000000000001,-2.809542647412663,-2.101084686833158,-0.8169877736498634,0.19794409111732708,-0.26578339815227303,0.17705934024566225,-0.19054517915063762,-0.2034267988396826,0.9603544071202519,-1.2407007217407227,-1.9004956684508265,4.150345513366251,-3.4595371291331904,-1.366328541432516,3.2058430112109466,2.0,0.49028068513392015,0.4986392728349131,0.34137545074723247,-0.5744367934470397,0.5682395221839045,0.0017818975480320793,0.5891714865840159
8.8,-3.267269121008,-2.7233578318464646,-0.8317427302182125,0.2459462791584469,-0.3351892597335917,0.16810879151869,-0.19355003786283326,-0.20646341352069586,0.9591177816964742,-1.2406649390334035,-1.9004957826800026,4.150339603424072,-3.459555174125215,-1.366340462361471,3.205824966218922,2.0,0.4902736390059382,0.49863880896440504,0.3413874470389358,-0.5744348507664911,0.5682400623014667,0.0017839310999171673,0.5891728535925047
8.9,-3.1608271137721005,-2.947604423577255,-0.7946020068950247,0.2753355614298065,-0.37525164435904285,0.16187602130673767,-0.19578338892824335,-0.2087207752694585,0.9581710279778707,-1.2407121658325195,-1.900494182803244,4.150341565908813,-3.459543367425436,-1.3663215700127163,3.205799151999909,2.0,0.49026806248127663,0.498650403169595,0.3413969112653039,-0.5744370167823969,0.5682345621881536,0.0017861603173694937,0.5891760396658188
9.0,-2.8713612155477817,-2.338686834016719,-0.8944473968046311,0.2469388887941008,-0.35914622693400466,0.16750051330227264,-0.20255684965097512,-0.21551230365290605,0.9552088800141418,-1.2406644821166992,-1.9005158974282998,4.150330983370994,-3.4595741230396593,-1.3663335486051578,3.2058057788858987,2.0,0.4902757847581095,0.4986448392160599,0.34138241207107073,-0.5744410827208184,0.5682394194264102,0.0017807858290991127,0.5891674070196871
9.1,-2.4732631955175144,-1.5275969523371202,-0.9001342877148195,0.19581575347507513,-0.3083598062429527,0.17219797343345972,-0.21036156700225028,-0.2233405381097178,0.951688966273612,-1.2407121658325195,-1.9005075893797816,4.150339603424072,-3.4596189736765575,-1.366352383290426,3.205800771713257,2.0,0.49028051482118096,0.4986308228901812,0.3413754071744044,-0.574447753490504,0.5682436877863315,0.001764368515868166,0.5891568354898749
9.200000000000001,-2.7295346535897806,-2.22309449216277,-0.9443581388348726,0.2258413892300574,-0.3129957516351069,0.16904302864988618,-0.23500534800611453,-0.2480968184817963,0.9390614713948603,-1.240710792005709,-1.9005014499719874,4.1503520011901855,-3.459593913280445,-1.3663161436664026,3.205824851989746,2.0,0.490264525853966,0.49864439301329566,0.3413497892920251,-0.5744618547505298,0.5682500556276417,0.0017762433480582047,0.5891369082610016
9.3,-1.9408247407952404,-1.7323158575391582,-0.8603830534701945,0.18795730890197013,-0.270280575620807,0.17543790191506126,-0.2603189135647017,-0.27352141495060583,0.9257802086308967,-1.2407001296686564,-1.9005240987919279,4.150318321989407,-3.45957454172911,-1.3663034471260536,3.2058293671484797,2.0,0.49026469217867813,0.49863731624074453,0.34137191506356246,-0.5744523186646623,0.5682475818029652,0.0017743149009340428,0.5891485985407316
9.4,-1.7817992840931298,-0.32506820375471646,-0.48508479467678134,0.1104728236203268,-0.2383147326272047,0.17995502536162578,-0.2979510623168594,-0.31123758694042625,0.9004749390031187,-1.2407121658325195,-1.9005557491050136,4.150351999534693,-3.45959105031351,-1.3663523807740767,3.2058486905201153,2.0,0.4902754298801135,0.4986386930054409,0.34136031012196116,-0.5744491787750722,0.568258894347093,0.0017787572859857613,0.5891407353278012
9.5,-1.200492042791649,1.7260407274440999,-1.0003501689639709,0.01618482491745668,-0.18875679578299495,0.19444753843586574,-0.33393520438879687,-0.34730397254499795,0.8762803080777427,-1.240748256766616,-1.9005556755877966,4.1503519238714235,-3.4595670576196205,-1.3663642298744176,3.2058249263347096,2.0,0.49027330952853543,0.4986384797805828,0.3413499836939909,-0.5744598790326458,0.5682627537129219,0.0017791949568635528,0.589126577731569
9.600000000000001,-0.9013587158275496,0.9272353115918319,-0.683256836846966,0.01540035193966472,-0.1648591341615615,0.18139577439215887,-0.33324229504656355,-0.3466515504669459,0.8768022990447264,-1.2407245635986328,-1.9005565590431748,4.150350382969356,-3.459591860251671,-1.3663746069275067,3.2058359638082865,2.0,0.49027467017675586,0.4986431064261045,0.3413443036057162,-0.5744700131788968,0.5682527030962887,0.0017864924371213363,0.5891263683003602
9.700000000000001,-0.7271616740852186,1.4172412979405693,-0.5586236695158368,-0.044036241755871404,-0.1580853340907767,0.19053295571781684,-0.33310468566079465,-0.3464914576851916,0.8769178295411861,-1.2407010210039602,-1.9005560616652992,4.150316709233081,-3.459590739408717,-1.3663530067555045,3.205836143218972,2.0,0.4902753456225291,0.4986459026918388,0.3413317620101529,-0.5744697452579782,0.5682572051987881,0.0017855315874075284,0.5891222898514762
9.8,-0.8489056408514981,2.123692387280871,-0.376533727684688,-0.10174056847300739,-0.14880911204712932,0.19446892978566768,-0.3329722177607181,-0.3463375316967869,0.8770289707998697,-1.2407120946925063,-1.9005675226533543,4.150339603424072,-3.4596145965824445,-1.36636408190684,3.205812692642212,2.0,0.49027907187483927,0.49863791516913025,0.3413102946054688,-0.5744755368833545,0.5682730068971424,0.001768737771349847,0.5891014502794556
9.9,-0.9427382885311879,2.6229569904358168,-0.27810089012640365,-0.14777034786028198,-0.1493500020338818,0.19570111358205097,-0.33304939447487975,-0.3464350573490632,0.8769611404313886,-1.2407009393772566,-1.900555858751027,4.150328490139807,-3.4595790213940343,-1.366364413037648,3.205824740995114,2.0,0.4902812998113077,0.4986413758937511,0.3413114445962196,-0.5744797235361143,0.5682622448631955,0.001757611330342937,0.5891077822532331
10.0,-1.0573990324689486,2.826245295433438,0.0957784738062307,-0.1669523582107516,-0.16898133148767897,0.18974669884578346,-0.332737894581682,-0.3461504137483029,0.8771915930110142,-1.2407245635986328,-1.9005455481579807,4.150328159332275,-3.4595446785086206,-1.3663745059941605,3.205836772918701,2.0,0.490259716650002,0.4986629784046334,0.34131882168563504,-0.5744803542914895,0.5682503894959556,0.0017915752882844075,0.5891185004978252
10.100000000000001,-1.7351577923370494,2.210076618402191,-0.398425484408818,-0.13911101919767133,-0.22705668314893557,0.17922498532919826,-0.3326049820193101,-0.34602275901646884,0.8772924062334854,-1.2407245635986328,-1.9005496938319526,4.150339805679982,-3.459543367425436,-1.3663222414215044,3.205819345051435,2.0,0.49027430966435903,0.4986500143831303,0.3413328577338053,-0.5744639919197354,0.5682523818628841,0.0017884931624959262,0.589132543479826
10.200000000000001,-2.3979292727020187,1.52544426172912,-0.7278788160904996,-0.10537545961984648,-0.28189892343074935,0.17005546646839031,-0.3330160857758229,-0.3464116347264728,0.8769830461952869,-1.2407286506014616,-1.9005433521666468,4.150359358279154,-3.4595444431116658,-1.3663423968290767,3.2058171480297717,2.0,0.4902744090282271,0.49864473549359967,0.34134904721944465,-0.574461722711148,0.5682461259970222,0.0017753934346760732,0.5891408298592695
10.3,-2.785206569277861,0.9415909605023214,-0.8442828306754443,-0.07148662986394513,-0.33746526427338686,0.1625271247801347,-0.33293707525092703,-0.34632224220814706,0.8770483389809346,-1.2407121658325195,-1.900543829003805,4.1503520011901855,-3.459560097278775,-1.3663210343069603,3.205805580637641,2.0,0.49026195965676117,0.4986528513669945,0.34136569019162405,-0.5744636768981292,0.5682318745013462,0.001785566514628235,0.5891526393708089
10.4,-3.1070213483719455,0.7565692977553395,-1.0894302332382362,-0.04642779141477783,-0.370190911311352,0.1582225273793972,-0.3328559968659769,-0.34623083180990627,0.8771152124787509,-1.2407448164499693,-1.9005195103087367,4.150350968611556,-3.459579130212301,-1.3663410181029427,3.205813486802263,2.0,0.4902725193134978,0.4986473271123464,0.34135612313639085,-0.5744557856595287,0.56824526082784,0.0017665339246973916,0.5891474800310075
10.5,-3.2841479863354848,0.6980164252054948,-1.1657685397675892,-0.02879273147324969,-0.3874415554984527,0.1558932162752909,-0.33336868833259314,-0.3467653247366986,0.8767092519002522,-1.2407351290274473,-1.9005403404203745,4.150385529813928,-3.459547734671849,-1.366330372368504,3.2058235838345337,2.0,0.4902669154305169,0.49864977626943113,0.3413679629665579,-0.5744520910591107,0.5682387418382238,0.0017789389246704492,0.5891573327458721
10.600000000000001,-3.3480868016200445,0.4662982181343737,-1.2257546491073787,-0.017677796467887426,-0.40158766616540753,0.16175095152606458,-0.33298678553750866,-0.3463896992899735,0.8770027160068153,-1.2407194732490636,-1.9005265366707982,4.1503690977405165,-3.459541235630268,-1.3663383305663028,3.2058437992807627,2.0,0.4902577261758001,0.4986610194481052,0.34137173947658844,-0.5744521951415588,0.5682351718742937,0.0017895993354679588,0.5891606421649829
10.700000000000001,-3.2998946884328513,0.3649890717254642,-1.2683119132909444,-0.01172390732518278,-0.4053522889623958,0.16166531835598433,-0.3329438450283387,-0.3463461868581867,0.8770362338975138,-1.2407007217407227,-1.900507481177747,4.150328159332275,-3.459579238414336,-1.3663161436664026,3.205848477443587,2.0,0.49026353374600995,0.49864973937634083,0.34136976646626205,-0.574454489348398,0.5682361904747154,0.0017770697770191318,0.5891574607227358
10.8,-3.21857526804145,0.32165628551428066,-1.2898261807576328,-0.007826037876735442,-0.40911141991042815,0.15507331199965518,-0.3333019822743529,-0.3466964471166035,0.8767618518845838,-1.2407245635986328,-1.9005425616107419,4.150360694268883,-3.45954214877826,-1.366339243714295,3.205827289284098,2.0,0.4902658381426418,0.49864802240933837,0.341377028879627,-0.5744535377447152,0.5682371545871029,0.001773056039770878,0.5891574707933473
10.9,-3.35168943375991,0.37962265403337236,-1.29819326275596,-0.00015683899483004502,-0.41268170759066175,0.15329729738082357,-0.33316322996007397,-0.3465444659661428,0.8768746345546237,-1.2407007217407227,-1.900536657105118,4.1503520011901855,-3.45955177271778,-1.366328541432516,3.205812692642212,2.0,0.49027766368898945,0.4986419141852465,0.3413654356033122,-0.5744415076417912,0.5682493842159441,0.0017766700382731634,0.5891573941486279
11.0,-3.463530903738562,0.06824227708412356,-1.3980064874401827,-0.0032369148395401514,-0.4152075039822128,0.15629787568508943,-0.33300595818147355,-0.3463737658837588,0.8770018471565956,-1.2407120749666973,-1.9005193210049407,4.150375464440503,-3.459555383006289,-1.366352095548656,3.205848407998924,2.0,0.490268743478983,0.4986404516683856,0.3413674512636344,-0.5744493029224669,0.5682547730752137,0.0017819542223853025,0.5891445797835017
11.100000000000001,-3.5863690030864914,0.36229953496267425,-1.316957612408029,0.008541252219238791,-0.410390365002171,0.15537615744449704,-0.33311200205468006,-0.34647139082579015,0.8769229834923734,-1.2407121658325195,-1.9005311937112308,4.1503520011901855,-3.459555288354391,-1.366328541432516,3.205812934919202,2.0,0.4902735249378453,0.49863837580829695,0.34136783436846413,-0.5744513447637204,0.5682462185787596,0.0017726889023433482,0.5891508678973063
11.200000000000001,-3.4221373672420357,0.3886068153349951,-1.1728280862235774,0.00938407195424619,-0.41501104547171436,0.1529412570967167,-0.3332304855746161,-0.34658169206901934,0.87683438430376,-1.2407121658325195,-1.9005314312376917,4.1503640784133164,-3.4595559047832034,-1.3663288496469221,3.2058242293966455,2.0,0.4902792771290568,0.49863801077084524,0.34137620304711813,-0.5744397392951348,0.5682475367413794,0.0017792733915929933,0.5891608923648024
11.3,-3.33558242098961,0.30751165472185593,-1.278233223838277,0.007221910778541769,-0.41516021828403227,0.15545759715651003,-0.333391491662653,-0.3467431909227205,0.8767092936461598,-1.2407121658325195,-1.900520475579093,4.150350070649473,-3.4595896316260264,-1.3663290146042593,3.2058238961828245,2.0,0.4902824609748244,0.4986294712145149,0.34137414026928997,-0.5744371176019707,0.5682532474990674,0.0017791757636430921,0.5891579407607991
11.4,-3.53039757772185,0.27218175622284235,-1.301208620753123,0.009167146325782475,-0.41144038891767143,0.16033946351512954,-0.3336047668339625,-0.3469676222916634,0.8765393473809047,-1.2407063565611103,-1.900525985405911,4.150345896801432,-3.459591051141256,-1.3663281176597264,3.205818679638874,2.0,0.4902772180781446,0.49863777583348007,0.3413888202957229,-0.5744388590978109,0.5682395038758454,0.001768644346572521,0.5891695301782961
11.5,-3.422680576634576,0.1266154003809411,-1.1586578410277504,0.006025798114139243,-0.4114097484114031,0.15596833587095227,-0.3335627565916647,-0.3469389642977087,0.8765666461114905,-1.2407121658325195,-1.9005319549867365,4.150340127173117,-3.4596029720702113,-1.3663290450373666,3.2058022925999063,2.0,0.490277817250657,0.49864235538743906,0.34137878238046765,-0.5744424238473563,0.5682381068483756,0.001772833364297752,0.5891673893484011
11.600000000000001,-3.0844218405259234,0.14864540824820283,-1.1792661298502711,0.005455392073244945,-0.4208063480706506,0.15820966978487977,-0.333196335901704,-0.34658868654351743,0.8768445989491631,-1.2407113091735733,-1.9005199564852713,4.150338247047407,-3.4596016335406077,-1.3663166076899986,3.2058372190952356,2.0,0.49027421735262705,0.4986190600270516,0.34136551619300814,-0.574463323848063,0.5682408670012256,0.0017621660002495468,0.5891443807710626
11.700000000000001,-3.2286018519025603,0.2792583748743177,-1.129641651851321,0.012630070881388109,-0.42253163935474486,0.15633474761798183,-0.33306497727373774,-0.34645207720474075,0.8769484835965698,-1.2407124170215882,-1.9005190272528356,4.150328391199108,-3.459555771410292,-1.3663287829604664,3.2058484523197057,2.0,0.49028164386266765,0.4986128804301506,0.34137344529818925,-0.574445283410145,0.5682557038064597,0.0017569976827347244,0.5891476762395029
11.8,-3.535198109701492,0.05486819629150069,-1.3300677770400615,0.010989541688687574,-0.4179900479288865,0.15595295769355708,-0.33295114084547095,-0.34633139532194135,0.8770393927022611,-1.2406896811259174,-1.9005429800209683,4.1503283610707715,-3.4595669991390796,-1.366351744451856,3.2058135416250484,2.0,0.49026825681561725,0.4986361481583615,0.3413611116899957,-0.5744519276204183,0.568256014510845,0.0017809477416901608,0.589140826161774
11.9,-3.4140956093999146,-0.16529328441226251,-1.3115879736049032,0.007208858983641384,-0.4211663668010272,0.15867712007102774,-0.3330751902558808,-0.34644849423231744,0.8769460102351282,-1.2407012524604797,-1.9005432876696529,4.150328966026306,-3.4595436327853144,-1.3663401970015925,3.20582458132267,2.0,0.49027448367487103,0.49862989460524154,0.34136414565220724,-0.5744486840096146,0.5682548845713616,0.001771193296710001,0.5891451081649717
12.0,-3.5824043461650303,-0.033470739749146286,-1.3258102910316059,0.01655614414659777,-0.42513765037888374,0.15416569449747425,-0.3332221621482318,-0.3465885055025374,0.876834869585022,-1.2407117840468946,-1.9005302381576141,4.150351205803467,-3.459554890661032,-1.3663412577481895,3.2058138936761567,2.5369068989433314,0.490265518317275,0.49863999675605947,0.3413801688800846,-0.5744399721925563,0.5682496661268551,0.0017852349609690612,0.5891585934451498
12.100000000000001,-3.699418685860958,0.2695943156222059,-1.211658764823754,0.023944253238648034,-0.4273525131734811,0.15056560776996372,-0.33307368897503553,-0.34641458689053584,0.8769599750860516,-1.240736961364746,-1.900446405628852,4.150303316249751,-3.459567308346466,-1.3663403613170888,3.2058008212448166,3.0,0.4902856696613034,0.49862870019263755,0.34137305475230506,-0.5744363024466103,0.5682524128981487,0.0017619321505829757,0.589159592353375
12.200000000000001,-3.758767166351388,-0.16232845710241883,-0.9415753241836704,0.009140071933018828,-0.4503089568835452,0.15370292625100912,-0.3330331100010428,-0.3463361087938736,0.8770063849832349,-1.2417840957641602,-1.8994709385816841,4.150352600423984,-3.4595675500915357,-1.3661834125323273,3.2058250258019227,3.0,0.49028283017837854,0.49860846777869666,0.3413949789455993,-0.5744355193149145,0.5682443976162694,0.0017622603811531833,0.5891680856644197
12.3,-3.7936732836324483,0.09370758636759399,-0.6946328503341163,0.03919984489787063,-0.4894004058697313,0.11284411742925547,-0.3332072417204553,-0.34645628448434035,0.8768927456724066,-1.2428973683550315,-1.8984269815267287,4.150473749366576,-3.459543367425436,-1.36605055173629,3.205956852216662,3.0,0.4901339095780332,0.49838064855396536,0.34145746404703287,-0.5744331488245591,0.5682672294938366,0.0017398736215790563,0.589148441612708
12.4,-4.249857970130651,0.07765435107316651,-0.4174119560002562,0.06136748917183581,-0.5175751592178548,0.10084960147671986,-0.33338137343986785,-0.34657646017480714,0.8767791063615782,-1.244059923361749,-1.8972632081306484,4.150833512943524,-3.459518868391046,-1.3658120330137347,3.2059929933638767,3.0,0.48977621916982633,0.497980074334692,0.3416013818146024,-0.5744196417315294,0.5682963642164365,0.0017432803950604033,0.5891334981011223
12.5,-4.301131078279315,0.11043277115986334,-0.07051396549325617,0.051179135288491766,-0.5196707461778686,0.08094443238890502,-0.33334347548562815,-0.34658805389708236,0.8767889388705788,-1.245459426117131,-1.89595556596918,4.151071742630411,-3.459507263699807,-1.3656085173236292,3.2061018279546554,3.0,0.48946486365845837,0.4977423112283286,0.3417313484694482,-0.5744351058680984,0.5682745991318466,0.001755624480408135,0.5891393781699958
12.600000000000001,-3.8560294211149757,0.07448088904041443,0.6915244982900993,0.028989070744210088,-0.5145736239683432,0.06754246524290416,-0.33327829584561813,-0.3465856764657662,0.8768146583982787,-1.246689513527146,-1.8947206936278285,4.151286504365345,-3.4594222507872523,-1.365438480374701,3.206148006122704,3.0,0.48915754336861383,0.49745978689441717,0.34186678236033463,-0.57444757954762,0.5682631998670178,0.001757154283685098,0.5891382065675269
12.700000000000001,-3.5073557299963216,0.6984125700744017,1.7234108352769089,-0.027174225354609283,-0.4666562296200881,0.06577176539153486,-0.333031681969944,-0.346395141702347,0.8769835500558403,-1.2479713959731473,-1.8935830672620946,4.151503525483634,-3.4593760988951514,-1.3652488317874993,3.2062095121483183,3.0,0.4887371929023889,0.49704223859828506,0.34204849273503357,-0.5744486680771957,0.5682574088645942,0.0017681474816349245,0.5891426980531254
12.8,-3.0124950357677216,1.6019996390683098,2.7254843160979143,-0.1357870774565761,-0.390752428624605,0.06650730611038472,-0.3327579642904732,-0.3461764987960872,0.8771738296796957,-1.2492284700727914,-1.8924542867149599,4.151670937773313,-3.4594952093742264,-1.365044893300864,3.2062692667229604,3.0,0.48837101783073156,0.4967129779161673,0.3421884710107076,-0.5744690997853978,0.5682448075882094,0.0017799533834772785,0.5891348944059811
12.9,-2.489759683661671,2.0776461808033577,2.955874417273321,-0.19339512979081333,-0.35953157259330115,0.038563539854946385,-0.33327347655014383,-0.3466970825501133,0.876772103541238,-1.250401496887207,-1.8911472172991093,4.1519580726155425,-3.45941211987664,-1.3648293654071253,3.20631869601709,3.0,0.4879865815020744,0.4963389134887042,0.3423014363927956,-0.5745063370537227,0.5682575588623805,0.0017681505624343667,0.5890863172103651
13.0,-2.4676865386774645,2.5049054470025887,3.3749066611964005,-0.20431769656491883,-0.3427722932161494,0.019610419956068915,-0.33361066566845105,-0.3470162718172176,0.8765178779385822,-1.2516475687166944,-1.8899240784512898,4.152138011311681,-3.4594350098316,-1.3646616488878254,3.2063895523558927,3.0,0.4877462562621874,0.49607942591974835,0.3424209942789485,-0.5744948620753779,0.5682667758706489,0.0017631330509840061,0.5890886319157879
13.100000000000001,-2.1360350194956332,2.3659994640136537,3.4365080554704006,-0.22812571406619772,-0.33123212892289705,0.008450595008290488,-0.3333881243919699,-0.3467614785234599,0.8767033775170353,-1.2528200149536133,-1.8887966252837909,4.152331362294802,-3.4594109632049332,-1.3643863873415167,3.206532948312039,3.0,0.4874725622079699,0.49579356263310786,0.34256717487752736,-0.5744772228429257,0.5682690649004584,0.0017668398461619904,0.589103614476092
13.200000000000001,-1.8567851844925995,2.379069617187691,3.5018419976896866,-0.23593648195313743,-0.3083282971442355,-0.008487505580283864,-0.33312856043894273,-0.34647914387912604,0.8769135545977002,-1.2539568955996383,-1.8875365641414714,4.152510166168213,-3.4594114936594234,-1.364218900376148,3.2065577768924056,3.0,0.4869819346802181,0.49530901475003797,0.3428188664780191,-0.5744669305066848,0.56825558933526,0.0017671650669265231,0.5891266485833841
13.3,-1.8729660729476243,2.3992356001273127,3.4145183469062337,-0.22957314917011726,-0.2901893632296629,-0.01740952304806667,-0.3327383559548652,-0.34603087980105823,0.8772386720370748,-1.2552628435300694,-1.8862525412381412,4.152715200689562,-3.459411046478204,-1.3640022927203916,3.206616636065445,3.0,0.4867429880898468,0.49504163302241655,0.34298606027539463,-0.5744308785455507,0.5682565656897578,0.001759640803882745,0.5891608820925824
13.4,-1.9297620026015283,2.4203406582571008,3.5833820931045133,-0.22400035467806612,-0.27664841776007176,-0.019445413604753083,-0.3326280472365577,-0.34592409364112653,0.8773226901063318,-1.2565429128440693,-1.8850313020648222,4.152954917775749,-3.459411460290994,-1.3637639949456377,3.2066653972663084,3.0,0.4864839812070827,0.4947527382481677,0.34311238169909475,-0.5744279577081592,0.5682621254168465,0.0017533254211614666,0.5891583862340661
13.5,-1.6561743049887236,2.256757061994972,3.5620186215853726,-0.2203909360863262,-0.27346068993989836,-0.01097429877427598,-0.3326083399014851,-0.3459147293604515,0.8773338543783245,-1.2576919860163178,-1.883987760363479,4.1530980875645405,-3.4593989106127823,-1.363607382434276,3.2067490689770346,3.0,0.48600710601047387,0.49427286030889006,0.34329952574052763,-0.5744489544715135,0.5682624355711251,0.0017571533528858733,0.5891376031433171
13.600000000000001,-1.775111357233321,2.243427395763274,3.7848446637731747,-0.2174555299958607,-0.2575121398729192,-0.014139923400530108,-0.33262949421092114,-0.3459206917174086,0.8773234833538275,-1.258827766710936,-1.8828825368233335,4.15334939956665,-3.4593878228632002,-1.3634031530907096,3.206785719064086,3.0,0.48574051309993804,0.4939876773878665,0.34339649242080444,-0.5744512677846718,0.5682732459590873,0.0017504055162291562,0.589124940015473
13.700000000000001,-1.4497268588938452,2.0125391061032554,3.5767080890153835,-0.20946963559087886,-0.25058544641477737,-0.015121418775708616,-0.33235527366033213,-0.34560918545189456,0.8775501060267294,-1.2601229522681616,-1.881420123975234,4.153553485870361,-3.459375206927752,-1.3632006530262581,3.2068718111496715,3.0,0.48535157044941046,0.4935811343211703,0.3436328571008508,-0.5744209001555197,0.5682747315962396,0.0017593079505980342,0.5891530902314607
13.8,-1.5796589903971525,2.2225142156812754,3.8549938567791515,-0.19498944653007177,-0.2413428958252349,-0.011274274493482584,-0.33224597561742064,-0.3455024854601357,0.8776335475515767,-1.2614512973436167,-1.8801619015135707,4.153815737710872,-3.459376021928466,-1.36303212176499,3.206930910147412,3.0,0.4850750858527229,0.4932992868976804,0.3437778937628054,-0.5744038275106955,0.5682682404888995,0.0017751469272906562,0.5891759488014598
13.9,-1.6123753397772262,2.109029997385035,3.6876671827982,-0.18839016398619166,-0.22988337230585326,-0.009454649823726973,-0.33223852650556507,-0.3455201060936699,0.8776294274849202,-1.2627889349595227,-1.8790946962000115,4.153998397868839,-3.4594110232372843,-1.3628054519658825,3.2070254737887876,3.0,0.4847674221704446,0.49299034705381944,0.3438879672000116,-0.5744204893495122,0.5682680592952003,0.0017752196047227514,0.5891598788068385
14.0,-1.3949880851061067,1.9024080336240838,3.8110008513902103,-0.18665419513736148,-0.22450463670641221,-0.0049572628649165295,-0.3322841090819859,-0.34561272288301326,0.8775756968227365,-1.2637460284276185,-1.8780281787430775,4.154237090228911,-3.4593635998167933,-1.3626146727636281,3.2070974189228445,3.0,0.4842956364298746,0.4925434721637008,0.3439877986279337,-0.5744886464595923,0.5682827308440487,0.0017560165466781468,0.5890793234525753
14.100000000000001,-1.1560195699871858,2.051020200708228,3.8644605807893933,-0.1853611863895061,-0.21455972781897958,-0.00848951069573015,-0.3322964917360063,-0.3456570946243456,0.877553536217907,-1.2648469540807936,-1.8768154583373011,4.154394474294451,-3.459374625682666,-1.3624571561760666,3.207157641152541,3.0,0.48407146596087586,0.49234432898041613,0.3441033849855051,-0.574478289845276,0.5682672836052374,0.0017561114739706265,0.5891043243372627
14.200000000000001,-1.1970775071314215,2.0462849067431423,3.928886607440133,-0.1876380361697246,-0.20732414139681438,-0.004499067651576422,-0.33234254549916636,-0.3457025826706746,0.8775180271298736,-1.266202018624253,-1.875376363793844,4.154692138300402,-3.459387430258997,-1.3622301603048805,3.207205987987068,3.0,0.4838066534181657,0.4920678722441038,0.3442987900610007,-0.5744363379969603,0.5682516081375284,0.0017747960955942763,0.5891602952818307
14.3,-1.3615074986810187,2.1491327151803636,3.8958201286567538,-0.18759608644291842,-0.19054375417615976,-0.0034830165739112413,-0.33291780460468773,-0.346343690796839,0.8770470013772491,-1.2675417204835582,-1.8741298264675066,4.154880660539621,-3.4593993626036585,-1.3620738033674933,3.2072579478084826,3.0,0.48333505106306957,0.4915964519989073,0.3445616060521605,-0.5744314772131589,0.5682287830210205,0.00179315883449001,0.5891869929950528
14.4,-1.1948299409452583,2.0329276734539588,4.033580466801723,-0.19421888383198105,-0.18520150121495876,-0.0005526349914790948,-0.332778928480481,-0.3462405765153003,0.8771404610691791,-1.2686543539063517,-1.8731228162904685,4.1550889240537705,-3.459422716357413,-1.3618710638509228,3.207360508077661,3.0,0.482997918091753,0.49126549421722704,0.3446750872159373,-0.5744616964084149,0.5682267782509105,0.0017971099806309535,0.5891594506021898
14.5,-0.9855740440760556,2.178672560512138,4.108605844828169,-0.19890358650814033,-0.17637486741344333,0.00098547357628345,-0.33253476309175856,-0.3460084463622422,0.8773246989189006,-1.269745795713122,-1.8720284990913927,4.155282488420713,-3.4593778661714527,-1.3616898475347394,3.207420839832601,3.0,0.48262743116125906,0.49091904665508157,0.3447801061275522,-0.5744925576271799,0.5682369671313485,0.0017977605062199117,0.5891195281719241
14.600000000000001,-1.022943218425069,2.467245640181035,4.283088628711724,-0.20671894498628157,-0.16371882327150686,-0.003079961406533252,-0.33303368541588674,-0.3464741468747513,0.8769515422091316,-1.2709411621321276,-1.8707207934993604,4.155508848358904,-3.459438169856135,-1.3614971832966103,3.2074678237179675,3.0,0.4824141249399194,0.49068740550907497,0.3448818991866133,-0.574473020890224,0.5682441787181687,0.0017988387637282478,0.5891316200996823
14.700000000000001,-1.036597050399887,2.576948849375403,4.438638443350546,-0.21864431486124197,-0.15750329513737268,-0.0012490437222084888,-0.3315485206581158,-0.3450057500015948,0.8780908101334419,-1.2722359117244595,-1.8693558178343714,4.155689757702243,-3.4594707066659782,-1.3612813602612153,3.207531828368748,3.0,0.48211489982198663,0.490381355559191,0.34506701444079296,-0.5744524258310031,0.5682282033912861,0.0018123277780102867,0.5891670686618626
14.8,-1.0204049588478048,2.470521872230251,4.476497062694928,-0.22652485194524402,-0.16501667985036383,0.002563499865194774,-0.33075275480070176,-0.34426134998166513,0.8786846629756933,-1.2735116004078184,-1.8681426534687733,4.155894575046879,-3.4595475810500065,-1.3611077420224793,3.207590495714081,3.0,0.4815935343468446,0.4898474410408928,0.3453460954636643,-0.5744670088060847,0.5682098059122177,0.0018189053859849502,0.5891705727900765
14.9,-0.9850013337949216,2.553355949262447,4.539867011518803,-0.22489394262863655,-0.15956532106141083,0.005671622744448321,-0.33033274889660175,-0.34380906249959725,0.8790193537957288,-1.274566767657403,-1.8671390888313133,4.156118527001682,-3.4595425523187258,-1.3608878294574183,3.2076624589905296,3.0,0.4813340417645908,0.489550610089128,0.3454350556552106,-0.5744798004858498,0.5682273131664716,0.0017938166584580751,0.589141291734968
15.0,-1.0282694470866756,2.6114609954327443,4.701348761456105,-0.23173891638762148,-0.1485875185285999,0.005275126540182244,-0.32991430861879634,-0.34332008946845255,0.8793678145606143,-1.2758250001269276,-1.8659610197300196,4.156321884618202,-3.4594356994152338,-1.360692708791222,3.20769937544106,3.0,0.48109292012291716,0.4892730591173002,0.3455066410660954,-0.5744748368927675,0.5682567132284069,0.0017771427568444085,0.5891178247273616
15.100000000000001,-0.8889995199561911,2.913872822516074,4.192669708530067,-0.24344566696231104,-0.1429191069778907,0.008377863719089777,-0.3303809820413006,-0.3437412948349808,0.8790279429291789,-1.2770576477050781,-1.8646879126489273,4.156538005318034,-3.459458918500503,-1.36047813316818,3.2077604415349774,3.0,0.4806741848470907,0.48882425514656774,0.345701792112001,-0.5744522389587016,0.5682544350338774,0.0017636457804027935,0.5891420981165966
15.200000000000001,-0.7869522784830343,3.002415899417477,3.6327904479687154,-0.2505053541672465,-0.13855855540998,0.009810496511832759,-0.33024338579404455,-0.34359699681856454,0.8791360069259849,-1.2773512902038602,-1.8642431166535984,4.156582478990673,-3.4595415303976895,-1.3603723684894007,3.20780611038208,3.0,0.4803930442457519,0.4885501088557846,0.3458420841606783,-0.5744460715224183,0.5682481133809236,0.0017695216118619856,0.5891541914853416
15.3,-1.32294961898871,2.6984194620389257,4.169950158651579,-0.2276330760665709,-0.14692066184648434,0.003078193072135509,-0.3297420248571368,-0.3431056717624896,0.879515993400902,-1.277363686468952,-1.8642320420063654,4.156564029778296,-3.4595570351399103,-1.3604187822568599,3.2078290788472303,3.0,0.48025413479733736,0.4884202909322739,0.34594077658827677,-0.5744387677590279,0.5682396667831645,0.001780624427176173,0.589169426028114
15.4,-0.9856633942611628,2.686670459248138,4.254874928842453,-0.2316450352367614,-0.15096040204676564,0.004886561069609151,-0.3289663417545358,-0.3423186757185087,0.8801127242433866,-1.2773845180901027,-1.8642779789366664,4.156619511431553,-3.459568241617065,-1.3603874277128618,3.2078081750495184,3.0,0.4802261478435692,0.48839080267263735,0.34596623903806356,-0.5744321268940746,0.5682395112980829,0.0017838965646922013,0.589176040844086
15.5,-1.1722340794199235,2.547233597533884,4.343564461316731,-0.2331843684593067,-0.14970080601942096,0.0075987999231031025,-0.32876879541782394,-0.34212832555391753,0.8802609028493553,-1.2773672947533534,-1.8642526487293043,4.156594901817659,-3.4595340546413564,-1.3604152084268326,3.2078232997636844,3.0,0.480240477981197,0.4883784215527285,0.34593651516939145,-0.5744394091006487,0.5682586988567886,0.001778295936682537,0.5891504511661254
15.600000000000001,-1.0955080997670577,2.6659920479169417,4.33613412231828,-0.23106969986426254,-0.15299626189347185,0.007298264726080748,-0.32893078699052525,-0.34231083712982885,0.8801294066725651,-1.2773866653442383,-1.8642758563455855,4.156596510540968,-3.459534630383102,-1.3604173027039363,3.20780611038208,3.0,0.4802274952064391,0.4883895733231251,0.3459605831686787,-0.5744392285223101,0.5682367331015293,0.0017890921951461633,0.5891717805851803
15.700000000000001,-0.9742323135801666,2.523330604559132,4.2105090896382675,-0.23624252300810114,-0.15987888774418527,0.008447063553432018,-0.3292635367767864,-0.3426823748767133,0.8798603127816368,-1.2773866653442383,-1.8642541370787562,4.156553292890666,-3.4595661514420537,-1.3604194712010869,3.2078518956770687,3.0,0.48021557639787027,0.4884022039317757,0.3459583240300629,-0.5744462742382124,0.5682300613467215,0.0018011117324283805,0.5891713090369092
15.8,-1.2111715771905789,2.6657388943913096,4.4670989266255345,-0.230188674080651,-0.16975127091889539,0.007094113986532212,-0.3287551613681562,-0.34215076765083846,0.8802557977407253,-1.2773527092756924,-1.8642683415631889,4.156548976898193,-3.4595213779569547,-1.3604443709002894,3.2078095585508515,3.0,0.4802247978657425,0.4883878223073609,0.34593971982762406,-0.5744477345876695,0.568243521640887,0.0017847165931507189,0.5891569528800789
15.9,-1.2082186139338202,2.5505222173736235,4.449183418770431,-0.23166372489820364,-0.17332064582664278,0.012912854541193623,-0.32769324011017636,-0.34102479925962403,0.8810886431144428,-1.2773577575055948,-1.864267099454498,4.156585216522217,-3.4595190487303675,-1.3604282425263152,3.207838966418228,3.0,0.48024768636951637,0.48837256494435566,0.3459355450774514,-0.5744329846421792,0.5682559920802883,0.0017755581632890017,0.5891593341475073
16.0,-1.30606374007846,2.491660347058724,4.31415600266421,-0.231273065918465,-0.17417232854685905,0.014785729461081637,-0.32768063699312094,-0.341007246363677,0.8811008472769913,-1.277388374743013,-1.864287228930036,4.156553464069977,-3.4595415511892376,-1.3603962103473108,3.2077865172773743,3.0,0.48023106485506656,0.48837537653886287,0.34594054162491694,-0.5744410998140257,0.5682518143323975,0.0017775805569340414,0.5891554451583678
16.1,-1.2572374046823191,2.5221419301604824,4.3221025577651515,-0.2321163315090708,-0.17455006848747717,0.011673381689143038,-0.3282946158546147,-0.34165659565985185,0.880620970475121,-1.277410824749557,-1.8642864948074296,4.1566056079211595,-3.459543367425436,-1.3603985257868814,3.2078203240502177,3.567524873787523,0.48022802821354466,0.4883951261207558,0.345933746622933,-0.5744438196595225,0.5682437788715293,0.0017746417126836313,0.5891605523756439
16.2,-1.189949373433085,2.467518926657528,4.294958610607167,-0.2336180642067252,-0.1733985357565201,0.011324968665639258,-0.32772506406932406,-0.34111404607183227,0.8810429557914234,-1.277409553527832,-1.8642604699595469,4.156591464964597,-3.459529251097807,-1.3604162226834415,3.2078335833080596,4.0,0.48023397992367806,0.4883966582562307,0.34592543586031865,-0.5744503742594345,0.56823963744123,0.0017731224546141972,0.5891581604209657
16.3,-1.2524655137358016,2.5400527116933613,4.2435343233719705,-0.22936424801723063,-0.17495452206818296,0.012437421741789101,-0.327237967899934,-0.34064975411498766,0.8814039744875584,-1.2773769924353717,-1.8642678991274726,4.156574733520655,-3.4595099263034497,-1.3604076507311482,3.207804250851121,4.0,0.48022245708948,0.48839351588590496,0.3459323669153397,-0.5744621452186849,0.5682292972829661,0.0017752851289594774,0.589156649612617
16.400000000000002,-1.2817720577889178,2.6170534323222654,4.304940501762381,-0.22921731409686433,-0.17619554809984794,0.011345009718174386,-0.3278478771359662,-0.34122661676570754,0.8809538815190294,-1.2773656571365704,-1.8642880062033422,4.156584231817831,-3.4595781833811614,-1.3603981418828357,3.207819943909937,4.0,0.4802297547244721,0.48838057959114894,0.3459300441771967,-0.5744596591257678,0.5682392667205497,0.001767821466237482,0.5891494806933655
16.5,-1.3321761174633546,2.3000439225622142,4.303245279799714,-0.23660770087889912,-0.17274453667730424,0.01379199167202561,-0.32844667076905204,-0.34182032927490524,0.8805003652191922,-1.2773781589180202,-1.864288585223765,4.156561374664307,-3.459539370914192,-1.3604311353294778,3.2078286375981335,4.0,0.4802192413510603,0.48840129198518195,0.3459360396957355,-0.5744694751569515,0.568226284629876,0.001778918865310121,0.5891523971064657
16.6,-1.3424489709322693,2.4811004728565664,4.305928803211521,-0.23162878385976135,-0.17324874397897785,0.013895217719657398,-0.32903684097052344,-0.3424271138237394,0.8800441931152951,-1.2774284694661764,-1.864267224593799,4.156609058380127,-3.4595457005976114,-1.3603997567690176,3.207787909699473,4.0,0.4802244852291812,0.4883964486621944,0.3459246676851654,-0.5744637471007876,0.5682399102679969,0.0017822613917107145,0.5891448304024001
16.7,-1.2906009972780828,2.6825366515504068,4.260032259142061,-0.22644435286927175,-0.1752188510346907,0.014793185894385628,-0.32940995330296813,-0.342795253330738,0.879761558718214,-1.2773748476666962,-1.8643018654088777,4.156585364387931,-3.4595312986307665,-1.3603965003915965,3.207818031311035,4.0,0.4802358370100751,0.4883877629897168,0.3459150027069192,-0.5744579069842579,0.5682520302054158,0.0017761447589694191,0.5891388533957715
16.8,-1.2062253096153348,2.4470552945151858,4.264317342932141,-0.2309820252520933,-0.17910316507702323,0.01358584465306107,-0.32960705080366914,-0.34296987270841106,0.8796196481308864,-1.2774222276132587,-1.864264848445206,4.156598194878333,-3.459564765967085,-1.3604092128946768,3.2078522060770966,4.0,0.48023542866406305,0.4883839604130739,0.3459211020068814,-0.5744604376294656,0.568246097125858,0.0017754807548781807,0.5891421105029598
16.900000000000002,-1.3583374390747671,2.5772539332515167,4.134835833543586,-0.2290099134926932,-0.1748541694631314,0.01336357438367912,-0.32977853882955865,-0.3431203274707618,0.8794967427010087,-1.2774065014525815,-1.8642442783628081,4.15657182889386,-3.45955215379062,-1.3604314188648308,3.2077970649761864,4.0,0.48023914534001044,0.4883705770948773,0.34591133940800245,-0.5744565980933106,0.568263915430959,0.001768230460110232,0.5891286894110461
17.0,-1.265441113142176,2.537398117417135,4.200532932592798,-0.229623341191503,-0.1773386048827159,0.014301471361367722,-0.3293614775007855,-0.34271543821070505,0.8798106081629513,-1.2773982912887407,-1.8643009640452266,4.1565728187561035,-3.459543367425436,-1.3603962103473108,3.2078182207409367,4.0,0.4802430617036137,0.48836763407964257,0.34589975790359806,-0.5744621607672382,0.5682642602260948,0.0017606315645258116,0.5891229553945587
17.1,-1.255429318718525,2.387061418296313,4.248395485957513,-0.23306991173569414,-0.17629756838529023,0.014583905156695576,-0.3289632939088027,-0.342330029300413,0.8801098227543269,-1.2773866653442383,-1.8642681520544908,4.1566058754290225,-3.459543367425436,-1.3604205290423792,3.207796066021793,4.0,0.48023218995815986,0.4883798002592774,0.34592540182068265,-0.5744566476420365,0.5682509755184874,0.0017723437167481754,0.5891411100915556
17.2,-1.3490202414789367,2.510659092608453,4.15892764482723,-0.23027207843414943,-0.17497768038317346,0.013546094581038089,-0.3291007607152047,-0.3424971280938084,0.8799934107504905,-1.2774064551657078,-1.8642692401093524,4.156584127908498,-3.459562980437744,-1.3604205290423792,3.2078082038700018,4.0,0.48022713785430454,0.4883885961629838,0.345920729089624,-0.5744618797256124,0.5682467247329748,0.001781437755674908,0.5891400810095047
17.3,-1.306805838637723,2.3498873900306996,4.217131003118958,-0.23410541430504303,-0.17630282067748446,0.016122033116687556,-0.32888557403350305,-0.3422889333432061,0.880154820265466,-1.2774076026722836,-1.8642323273620423,4.156585216522217,-3.459533478637677,-1.360452227546852,3.2078540325164795,4.0,0.4802231262252184,0.4883924675634458,0.3459154418485187,-0.5744687069374029,0.5682458564951454,0.0017797865836464927,0.589134266263204
17.400000000000002,-1.323633443507894,2.482091409401309,4.340459216606861,-0.23351077549123372,-0.17585259783575105,0.014518092261420597,-0.329040820043603,-0.34244871179586467,0.880034376711487,-1.277409553527832,-1.8642767877063562,4.156575296515149,-3.4595214788402004,-1.3603962103473108,3.207818031311035,4.0,0.4802225641387767,0.4883855005519161,0.34591321298575417,-0.5744663533013685,0.5682476284579111,0.0017692289374755667,0.5891348839659336
17.5,-1.2056251810694216,2.441313418680027,4.4542905291491675,-0.23063343668738295,-0.18002638119305253,0.01538255585785571,-0.3295494912172173,-0.3429595688450122,0.8796450206959816,-1.2774292260162101,-1.8642779789366664,4.156583884530816,-3.459550114080104,-1.3604379158650404,3.207820618448179,4.0,0.4802266548892818,0.4883859602704072,0.3459037186820051,-0.5744660440535039,0.5682487087804428,0.001776520724467269,0.5891341215487289
17.6,-1.249247894012445,2.581667530369302,4.302670232803903,-0.2308785036061004,-0.17767980593777324,0.010384202040118725,-0.32969379707516006,-0.3430929877427267,0.8795391599282583,-1.2773790879261175,-1.8642791603945077,4.1565728187561035,-3.4595529254387083,-1.3603974390634659,3.2077963375793854,4.0,0.48022902514780813,0.48839216332491364,0.3458980573029553,-0.5744709052816374,0.5682478846317885,0.0017772365291739457,0.5891301740928852
17.7,-1.024941341686596,2.071491521251979,4.402053313719392,-0.24108770090050832,-0.1799882475352903,0.01175951849566151,-0.3294778672329011,-0.34285324626837405,0.8797135813517757,-1.2774281439256918,-1.864268099170332,4.156563334180422,-3.4595252538647343,-1.3604086081134241,3.207818031311035,4.0,0.48023498786675367,0.48838621586850106,0.3459031365014881,-0.5744608034609151,0.5682520566211928,0.0017726399198484738,0.5891360141601758
17.8,-1.515509540469008,2.5916188903222768,4.319722054841959,-0.22834931673596207,-0.17211750817185226,0.01499656335078234,-0.32962639083508605,-0.34302228224471637,0.8795920200464691,-1.2773867482304508,-1.8642782414096726,4.156561457550519,-3.4595671229435414,-1.3604087807930334,3.20781785690463,4.0,0.4802348354139009,0.48839362494119437,0.3459132166079948,-0.5744562154647902,0.5682460301069342,0.0017809008032562191,0.5891462757023156
